date,category,filename,title,description,url,tagged_topics,visual_brief,status
"2026-10-03","Bar Stools","pinterest-recovery/bar-stools-01.png","Warm Wood Japandi Bar Stools for a Calm Kitchen","Create a warm minimalist kitchen with Japandi bar stools in natural wood, soft upholstery and clean lines. Explore ideas for a calm kitchen island setup.","https://quietfieldliving.github.io/japandi-home-decor/japandi-bar-stools/","Home Decor | Kitchen Design | Bar Stools | Japandi | Interior Design","Bright oak kitchen island, two sculptural wood bar stools with oatmeal upholstery, morning side light, close furniture-catalog composition, no people, no text","planned"
"2026-10-03","Dining Chairs","pinterest-recovery/dining-chairs-01.png","Japandi Dining Chairs for a Warm Minimalist Dining Room","Natural wood dining chairs can make a minimalist dining room feel warmer without adding clutter. See Japandi chair ideas for a calm everyday space.","https://quietfieldliving.github.io/japandi-home-decor/japandi-dining-chairs/","Home Decor | Dining Room | Dining Chairs | Japandi | Interior Design","Round light-oak dining table with four curved-back wood chairs, linen seat pads, soft overcast daylight, airy room, editorial angle, no people, no text","planned"
"2026-10-04","Shoe Cabinets","pinterest-recovery/shoe-cabinets-01.png","Small Entryway Japandi Shoe Cabinet Ideas","Keep a narrow entryway calm with a slim Japandi shoe cabinet, warm wood tones and hidden storage. Simple ideas for an organized foyer.","https://quietfieldliving.github.io/japandi-home-decor/japandi-shoe-cabinets/","Home Decor | Entryway | Shoe Storage | Japandi | Organization","Narrow entryway with slim fluted oak shoe cabinet, round mirror, ceramic tray, single branch, soft daylight, cabinet prominent in foreground, no people, no text","planned"
"2026-10-04","Bed Frames","pinterest-recovery/bed-frames-01.png","Peaceful Japandi Bed Frame Ideas in Natural Wood","A low natural wood bed frame brings warmth and calm to a minimalist bedroom. Explore Japandi bedroom ideas with simple materials and soft neutrals.","https://quietfieldliving.github.io/japandi-home-decor/japandi-bed-frames/","Home Decor | Bedroom | Bed Frames | Japandi | Minimalist Bedroom","Low oak platform bed, rumpled warm-white linen, plaster wall, paper lamp, dawn light, generous negative space, luxury editorial photo, no people, no text","planned"
"2026-10-05","Bar Stools","pinterest-recovery/bar-stools-02.png","Dark Walnut Japandi Bar Stools for a Modern Kitchen","Dark walnut stools add contrast to a light Japandi kitchen while keeping the room warm and minimal. See calm kitchen island inspiration.","https://quietfieldliving.github.io/japandi-home-decor/japandi-bar-stools/","Home Decor | Kitchen Design | Bar Stools | Japandi | Modern Kitchen","Cream stone island with three dark walnut counter stools, black accents, soft pendant lights, evening ambience, high-end kitchen catalog, no people, no text","planned"
"2026-10-05","Dining Tables","pinterest-recovery/dining-tables-01.png","Light Oak Japandi Dining Table for a Calm Home","A light oak dining table keeps a dining room bright, warm and simple. Explore Japandi dining ideas built around natural wood and quiet styling.","https://quietfieldliving.github.io/japandi-home-decor/japandi-dining-tables/","Home Decor | Dining Room | Dining Tables | Japandi | Minimalist Home","Large light-oak rectangular dining table, simple wood chairs, cream rug, ceramic vase, sunlit neutral room, table as hero, no people, no text","planned"
"2026-10-06","Ceiling Lights","pinterest-recovery/ceiling-lights-01.png","Soft Japandi Ceiling Lights for a Calm Dining Space","Warm overhead lighting can change the entire mood of a Japandi dining room. See simple ceiling light ideas with natural materials and soft glow.","https://quietfieldliving.github.io/japandi-home-decor/japandi-ceiling-lights/","Home Decor | Lighting | Ceiling Lights | Japandi | Dining Room","Large washi-inspired pendant above wood dining table, warm diffused glow, dusk interior, light fixture dominant, refined Japanese-Scandinavian styling, no people, no text","planned"
"2026-10-06","Shoe Cabinets","pinterest-recovery/shoe-cabinets-02.png","Warm Japandi Entryway with Hidden Shoe Storage","Hide everyday shoes behind a calm wood front and keep the entryway visually quiet. Japandi storage ideas for small foyers and hallways.","https://quietfieldliving.github.io/japandi-home-decor/japandi-shoe-cabinets/","Home Decor | Entryway | Shoe Storage | Japandi | Small Spaces","Walnut shoe cabinet with slatted doors in compact entry, stone floor, bench edge, soft wall sconce, late-afternoon warmth, no people, no text","planned"
"2026-10-07","Bar Stools","pinterest-recovery/bar-stools-03.png","Japandi Counter Stools with Neutral Upholstery","Soft neutral upholstery and natural wood make counter stools comfortable without making a kitchen feel busy. Explore Japandi bar stool ideas.","https://quietfieldliving.github.io/japandi-home-decor/japandi-bar-stools/","Home Decor | Kitchen Design | Counter Stools | Japandi | Neutral Decor","Close-up of two oak counter stools with textured beige upholstery, stone island edge, tactile fabric and wood grain emphasized, daylight, no people, no text","planned"
"2026-10-07","Rugs","pinterest-recovery/rugs-01.png","Textured Japandi Rugs for a Warm Minimalist Room","A soft textured rug can warm up a minimalist room without adding visual noise. See Japandi rug ideas in natural, neutral tones.","https://quietfieldliving.github.io/japandi-home-decor/japandi-rugs/","Home Decor | Rugs | Living Room | Japandi | Neutral Decor","Cream wool rug with subtle texture under low oak coffee table and linen sofa, close low-angle composition, warm natural light, no people, no text","planned"
"2026-10-08","Dining Chairs","pinterest-recovery/dining-chairs-02.png","Curved Wood Japandi Dining Chairs for a Calm Home","Curved wood dining chairs soften a minimalist room while keeping the look clean and timeless. Explore warm Japandi dining inspiration.","https://quietfieldliving.github.io/japandi-home-decor/japandi-dining-chairs/","Home Decor | Dining Room | Dining Chairs | Japandi | Wood Furniture","Close editorial view of curved ash dining chairs around oval oak table, woven seat detail, soft window light, warm neutral palette, no people, no text","planned"
"2026-10-08","Bed Frames","pinterest-recovery/bed-frames-02.png","Dark Wood Japandi Bed Frame for a Cozy Bedroom","A darker wood bed frame adds depth to a calm bedroom while keeping the styling simple. See cozy Japandi bedroom inspiration.","https://quietfieldliving.github.io/japandi-home-decor/japandi-bed-frames/","Home Decor | Bedroom | Bed Frames | Japandi | Cozy Bedroom","Dark walnut low platform bed, ivory bedding, clay wall, warm bedside lamp, moody evening light, boutique-hotel aesthetic, no people, no text","planned"
"2026-10-09","Bar Stools","pinterest-recovery/bar-stools-04.png","Minimal Japandi Kitchen Island with Wooden Bar Stools","Keep a kitchen island simple with warm wood stools, clean lines and natural textures. Explore Japandi kitchen seating ideas.","https://quietfieldliving.github.io/japandi-home-decor/japandi-bar-stools/","Home Decor | Kitchen Design | Kitchen Island | Bar Stools | Japandi","Long pale stone island, three backless sculptural oak stools, limewash walls, minimal objects, wide perspective, crisp daylight, no people, no text","planned"
"2026-10-09","Dining Tables","pinterest-recovery/dining-tables-02.png","Dark Walnut Japandi Dining Table for Autumn Hosting","A dark walnut table creates a grounded focal point for fall and holiday gatherings while keeping the room calm and minimal.","https://quietfieldliving.github.io/japandi-home-decor/japandi-dining-tables/","Home Decor | Dining Room | Dining Tables | Japandi | Fall Decor","Dark walnut dining table set minimally for autumn, linen napkins, ceramic bowls, amber branches, warm late-afternoon light, no people, no text","planned"
"2026-10-10","Shoe Cabinets","pinterest-recovery/shoe-cabinets-03.png","Slim Japandi Shoe Storage for a Narrow Hallway","A shallow shoe cabinet can add useful storage without crowding a narrow hallway. See Japandi entryway ideas for small spaces.","https://quietfieldliving.github.io/japandi-home-decor/japandi-shoe-cabinets/","Home Decor | Entryway | Shoe Storage | Small Spaces | Japandi","Very narrow hallway with shallow pale-oak tip-out shoe cabinet, wall hooks, small mirror, clean floor, vertical 2:3 perspective, no people, no text","planned"
"2026-10-10","Ceiling Lights","pinterest-recovery/ceiling-lights-02.png","Wooden Japandi Pendant Light for a Warm Minimalist Home","A simple wooden pendant adds warmth above a dining table without overwhelming the room. Explore Japandi ceiling light ideas.","https://quietfieldliving.github.io/japandi-home-decor/japandi-ceiling-lights/","Home Decor | Lighting | Pendant Lights | Japandi | Dining Room","Linear wood pendant light floating above oak dining table, soft cream room, fixture sharply detailed, Scandinavian-Japanese catalog styling, no people, no text","planned"
"2026-10-11","Dining Chairs","pinterest-recovery/dining-chairs-03.png","Japandi Dining Chairs with Woven Seats","Woven-seat dining chairs bring natural texture to a simple dining space. See Japandi chair ideas that feel warm, light and timeless.","https://quietfieldliving.github.io/japandi-home-decor/japandi-dining-chairs/","Home Decor | Dining Room | Dining Chairs | Japandi | Natural Materials","Pair of wishbone-style dining chairs with woven seats at light wood table, close tactile crop, neutral plaster background, no people, no text","planned"
"2026-10-11","Storage Cabinets","pinterest-recovery/storage-cabinets-01.png","Japandi Storage Cabinet Ideas for a Calm Living Room","Closed storage keeps a living room visually quiet. Explore warm wood Japandi cabinets for hidden storage without bulky styling.","https://quietfieldliving.github.io/japandi-home-decor/japandi-storage-cabinets/","Home Decor | Storage | Cabinets | Japandi | Living Room","Low fluted oak storage cabinet against warm off-white wall, ceramic lamp and branch, clean living-room vignette, front three-quarter angle, no people, no text","planned"
"2026-10-12","Bar Stools","pinterest-recovery/bar-stools-05.png","Japandi Bar Stools for a Small Kitchen","Compact wood stools can add seating without making a small kitchen feel crowded. Explore simple Japandi counter stool ideas.","https://quietfieldliving.github.io/japandi-home-decor/japandi-bar-stools/","Home Decor | Small Kitchen | Bar Stools | Japandi | Kitchen Design","Compact apartment kitchen, two slim oak stools tucked under narrow peninsula, bright window light, space-saving composition, no people, no text","planned"
"2026-10-12","Bed Frames","pinterest-recovery/bed-frames-03.png","Low Platform Japandi Bed for a Minimal Bedroom","A low platform bed creates a grounded, restful bedroom with less visual clutter. Explore simple Japandi bed frame ideas.","https://quietfieldliving.github.io/japandi-home-decor/japandi-bed-frames/","Home Decor | Bedroom | Platform Bed | Japandi | Minimalist Bedroom","Very low ash platform bed, white linen, tatami-inspired woven rug, soft morning haze, symmetrical but organic composition, no people, no text","planned"
"2026-10-13","Dining Chairs","pinterest-recovery/dining-chairs-04.png","Black and Wood Japandi Dining Chairs for Modern Contrast","A touch of black can sharpen a warm wood dining room without losing the calm Japandi feel. See modern dining chair inspiration.","https://quietfieldliving.github.io/japandi-home-decor/japandi-dining-chairs/","Home Decor | Dining Room | Dining Chairs | Japandi | Modern Decor","Oak dining table with black-frame wood-seat chairs, cream walls, soft pendant, restrained modern contrast, high-end editorial, no people, no text","planned"
"2026-10-13","Rugs","pinterest-recovery/rugs-02.png","Neutral Japandi Rug Ideas for Cozy Living Rooms","Layer a quiet neutral rug under simple furniture to make a minimalist living room feel softer and more grounded.","https://quietfieldliving.github.io/japandi-home-decor/japandi-rugs/","Home Decor | Rugs | Living Room | Japandi | Cozy Home","Large oatmeal wool rug anchoring low sofa and oak coffee table, gentle autumn sunlight, textural close-wide balance, no people, no text","planned"
"2026-10-14","Bar Stools","pinterest-recovery/bar-stools-06.png","Sculptural Japandi Bar Stools for a Designer Kitchen","Sculptural wood stools can become the focal point of a simple kitchen while keeping the overall room calm and natural.","https://quietfieldliving.github.io/japandi-home-decor/japandi-bar-stools/","Home Decor | Kitchen Design | Bar Stools | Japandi | Designer Kitchen","Three sculptural solid-wood stools with curved seats, dramatic side light, travertine island, luxury furniture advertisement look, no people, no text","planned"
"2026-10-14","Dining Tables","pinterest-recovery/dining-tables-03.png","Round Japandi Dining Table for a Small Calm Space","A round wood table softens a compact dining area and keeps movement easy. Explore Japandi dining table ideas for smaller rooms.","https://quietfieldliving.github.io/japandi-home-decor/japandi-dining-tables/","Home Decor | Dining Room | Dining Tables | Small Spaces | Japandi","Round pedestal oak table in compact dining nook, three simple chairs, paper pendant, bright diffuse light, uncluttered composition, no people, no text","planned"
"2026-10-15","Shoe Cabinets","pinterest-recovery/shoe-cabinets-04.png","Japandi Shoe Cabinet with Fluted Wood Doors","Fluted wood doors hide everyday shoes while adding subtle texture to a calm entryway. See warm Japandi storage ideas.","https://quietfieldliving.github.io/japandi-home-decor/japandi-shoe-cabinets/","Home Decor | Entryway | Shoe Cabinet | Japandi | Wood Furniture","Close-up three-quarter view of fluted oak shoe cabinet, simple brass-free pulls, ceramic bowl and branch, tactile wood grain, no people, no text","planned"
"2026-10-15","Ceiling Lights","pinterest-recovery/ceiling-lights-03.png","Black Japandi Ceiling Light for Warm Modern Contrast","A simple black ceiling light gives a warm neutral room just enough contrast. Explore calm Japandi lighting ideas for dining spaces.","https://quietfieldliving.github.io/japandi-home-decor/japandi-ceiling-lights/","Home Decor | Lighting | Ceiling Lights | Japandi | Modern Dining Room","Matte black dome pendant centered over warm oak table, cream textured walls, golden evening light, lamp dominant, no people, no text","planned"
"2026-10-16","Bar Stools","pinterest-recovery/bar-stools-07.png","Japandi Bar Stools for Holiday Kitchen Gatherings","Warm wood counter stools make a kitchen island feel inviting for fall and holiday gatherings without adding visual clutter.","https://quietfieldliving.github.io/japandi-home-decor/japandi-bar-stools/","Home Decor | Kitchen Design | Bar Stools | Holiday Home | Japandi","Warm evening kitchen island with three wood stools, subtle winter greenery, ceramic mugs, soft pendant glow, restrained seasonal styling, no people, no text","planned"
"2026-10-16","Dining Chairs","pinterest-recovery/dining-chairs-05.png","Warm Japandi Dining Chairs for Holiday Hosting","Natural wood dining chairs create a welcoming table for holiday hosting while keeping the room simple, warm and timeless.","https://quietfieldliving.github.io/japandi-home-decor/japandi-dining-chairs/","Home Decor | Dining Room | Dining Chairs | Holiday Hosting | Japandi","Oak dining chairs around table with minimal holiday greenery and linen, warm candle-like ambient light, elegant but not festive-cluttered, no people, no text","planned"